avg_review_score,avg_delivery_days,retention_rate
4.08571457308671,12.015994651306315,3.8492757242757243
