avg_review_score,avg_delivery_days,retention_rate
4.086199065335662,12.052038814906576,3.508991008991009
