avg_review_score,avg_delivery_days,retention_rate
4.085737574592696,12.021066172687043,3.8003663003663
