avg_review_score,avg_delivery_days,retention_rate
4.086144706131975,12.062354035341531,3.414294039294039
