avg_review_score,avg_delivery_days,retention_rate
4.08611214745949,12.041662369805094,3.606809856809857
