avg_review_score,avg_delivery_days,retention_rate
4.085972030647484,12.026204695222406,3.7535381285381284
