avg_review_score,avg_delivery_days
4.086319662768012,12.067586848635235
