avg_review_score,avg_delivery_days
4.086285581291804,12.077965224591182
