avg_review_score,avg_delivery_days,retention_rate
4.086048597603378,12.036425479282622,3.656759906759907
