avg_review_score,avg_delivery_days,retention_rate
4.08606569762171,12.031276398475327,3.7056693306693305
