avg_review_score,avg_delivery_days,retention_rate
4.086115230572117,12.046884028064383,3.555819180819181
