avg_review_score,avg_delivery_days
4.086386346822333,12.093604229294082
