avg_review_score,avg_delivery_days
4.086211604785937,12.07271128581773
