avg_review_score,avg_delivery_days
4.086278638899294,12.083172828000414
