avg_review_score,avg_delivery_days,retention_rate
4.086202195449542,12.057250568064449,3.463203463203463
