avg_review_score,avg_delivery_days
4.086372982992819,12.088354745130543
